//변수명,명칭,영문명칭,일어명칭,중국명칭,태국명칭,기본생성개수,최대곂침개수,1차아이템종류,2차아이템종류,3차아이템종류,아이템직업소속,소비불가,사용가능,사용성별,무게,가격,게임머니,내구력,수리횟수,수리불가능,고장유무,마모도,경도,잡는형식,굽높이,장착위치,장착위치,파츠파일,제거될위치,기본부위무시,아이템레벨,추가레벨,희귀성,상점판매가능,로그남길것,공격속도 감소,필요 아이템,필요 아이템종류,최소능력,최대능력,공격 속성,속성 공격력,최소추가스킬,최대추가스킬,공격 스타일,타격방식,무기종류,아이템1차공격순서,아이템2차공격순서,아이템3차공격순서,아이템4차공격순서,아이템1차공격동작,아이템2차공격동작,아이템3차공격동작,아이템4차공격동작,지속피해,최대장전개수,반동,구경,연발률,장전시간,추가공격성공률,추가 마법성공률,공격속도,타격시 반동,공격범위,추가판정치,적용대상1,적용대상2,적용값1,적용값2,적용변화값1,적용변화값2,필요직업,필요힘,필요체력,필요민첩,필요지능,필요MP,필요EP,직업필요레벨,학과필요레벨,기술준비,기술 준비시간,기술 시전거리,원소이펙트,사용 효과,효과 2 (2차 효과),효과 3 (3차 효과),사용 모션,유지시간,지속시간,발동시기,발동대상,사용시기,마법범위,마법속성,참조스탯1,참조스탯2,참조타겟1,참조타겟2,참조수치1,참조수치2,기술속성,마법저항,전기저항,불저항,바람저항,물저항,땅저항,마법증폭,마법퓨전,악행,성장유무,생산유무,숙련레벨,최대숙련레벨,서브디파인위치,현재경험치,기술숙련치,연속기술방식,콤보스킬타임,카드타입,비행속도,비행선회각(좌우),비행선회각(상하),비행제한레벨,비행연료충전량,비행연료소비량,가속연료충전량,팩당연료충전량,직업제한1,제한레벨1,직업제한2,제한레벨2,반사광,공격음1(무기 타격음),공격음2(무기 크리티컬),공격음3(무기 휘두름음1),공격음4(무기 휘두름음2),방어음,타격음(충전소리),피해음,뛸때 추가음,아이콘파일,설명,영어설명,일어설명,중국어설명,태국어설명
//dwID,szName,szNameEn,"""""","""""","""""",dwNum,dwPackMax,dwItemKind1,dwItemKind2,dwItemKind3,dwItemJob,bPermanence,dwUseable,dwItemSex,dwWeight,dwCost,dwCash,dwEndurance,dwRepairNumber,bRepairUnable,bJammed,nAbrasion,nHardness,dwHanded,dwHeelH,dwParts,dwPartsub,bPartFile,dwExclusive,dwBasePartsIgnore,dwItemLV,dwAddLV,dwItemRare,dwShopAble,bLog,dwSpeedPenalty,dwLinkItem,dwLinkKind,dwAbilityMin,dwAbilityMax,eItemType,wItemEAtk,dwAddSkillMin,dwAddSkillMax,dwAtkStyle,dwAtkType,dwWeaponType,dwItemAtkOrder1,dwItemAtkOrder2,dwItemAtkOrder3,dwItemAtkOrder4,dwItemMotion1,dwItemMotion2,dwItemMotion3,dwItemMotion4,bContinuousPain,dwShellQuantity,dwRecoil,dwCaliber,dwBarrageRate,dwLoadingTime,nAdjHitRate,nAdjSpellRate,dwAttackSpeed,dwDmgShift,dwAttackRange,dwAdjRoll,dwDestParam1,dwDestParam2,nAdjParamVal1,nAdjParamVal2,dwChgParamVal1,dwChgParamVal2,dwReqJob,dwReqStr,dwReqSta,dwReqDex,dwReqInt,dwReqMp,dwRepFp,dwReqJobLV,dwReqDisLV,dwSkillReadyType,dwSkillReady,dwSkillRange,dwSfxElemental,dwSfxObj,dwSfxObj2,dwSfxObj3,"dwUseMotion(01,02,03 번호 붙여 다음 동작연결)",dwCircleTime,dwSkillTime,dwExeChance,dwExeTarget,dwUseChance,dwSpellRegion,dwSpellType,dwReferStat1,dwReferStat2,dwReferTarget1,dwReferTarget2,dwReferValue1,dwReferValue2,dwSkillType,dwItemResistMagic,fItemResistElecricity,fItemResistFire,fItemResistWind,fItemResistWater,fItemResistEarth,bAmplification,bFusion,nEvildoing,bGrow,bCraft,dwExpertLV,ExpertMax,dwSubDefine,dwExp,LVRatio,dwComboStyle,dwComboSkillTime,dwCardType,fFlightSpeed,fFlightLRAngle,fFlightTBAngle,dwFlightLimit,dwFFuelReMax,dwFFuelSp,dwAFuelReMax,dwFuelRe,dwLimitJob1,dwLimitLevel1,dwLimitJob2,dwLimitLevel2,dwReflect,dwSndAttack1,dwSndAttack2,dwSndAttack3,dwSndAttack4,dwSndDefense,dwSndHit,dwSndDamage,dwSndClang,szIcon,szComment,"""""","""""","""""",""""""
ST_CALL,"""소집""","""Call""","""???""","""""","""""",1,1,JTYPE_TROUPE,=,=,TRO_MASTER,=,=,=,=,=,=,=,=,=,=,=,=,=,=,=,=,=,=,=,=,=,=,=,=,=,=,=,=,=,_NONE,0,=,=,=,=,=,=,=,=,=,=,=,=,=,=,=,=,=,=,=,=,=,=,=,=,=,=,=,=,=,=,=,=,=,=,=,=,=,=,10,10,=,=,=,=,XI_SKILL_TRO_CALL01,XI_SKILL_TRO_CALL02,=,=,3000,=,WET_NOW,EXT_TROUPE,WUI_TARGETINGOBJ,=,=,=,=,=,=,=,=,KT_SKILL,0,0,0,0,0,0,=,=,=,=,=,=,=,=,0,=,CT_GENERAL,=,=,=,=,=,=,=,=,=,=,=,=,=,=,=,=,=,=,=,=,=,=,=,"""skill_TroCall.dds""","""단원들에게 단장의 위치를 가르키는 스킬입니다. [포인트 소비 : 0]""","""""","""?員たちに?長の位置を示すスキルです。 [ポイント消費：0]""","""""",""""""
ST_BLITZ,"""집중공격""","""Blitz""","""??????""","""""","""""",1,1,JTYPE_TROUPE,=,=,TRO_MASTER,=,=,=,=,=,=,=,=,=,=,=,=,=,=,=,=,=,=,=,=,=,=,=,=,=,=,=,=,=,_NONE,0,=,=,=,=,=,=,=,=,=,=,=,=,=,=,=,=,=,=,=,=,=,=,=,=,=,=,=,=,=,=,=,=,=,=,=,=,=,=,10,10,=,=,=,=,XI_SKILL_TRO_BLITZ,=,=,=,3000,=,WET_NOW,EXT_TROUPE,WUI_TARGETINGOBJ,=,=,=,=,=,=,=,=,KT_SKILL,0,0,0,0,0,0,=,=,=,=,=,=,=,=,0,=,CT_GENERAL,=,=,=,=,=,=,=,=,=,=,=,=,=,=,=,=,=,=,=,=,=,=,=,"""skill_TroBlitz.dds""","""단장이 지정한 대상에게 공격을 해달라고 알립니다. [포인트 소비 : 0]""","""""","""?長が指定した?象に集中攻?を行うよう知らせます。 [ポイント消費：0]""","""""",""""""
ST_RETREAT,"""후퇴""","""Retreat""","""?????""","""""","""""",1,1,JTYPE_TROUPE,=,=,TRO_MASTER,=,=,=,=,=,=,=,=,=,=,=,=,=,=,=,=,=,=,=,=,=,=,=,=,=,=,=,=,=,_NONE,0,=,=,=,=,=,=,=,=,=,=,=,=,=,=,=,=,=,=,=,=,=,=,=,=,=,=,=,=,=,=,=,=,=,=,=,=,=,=,10,10,=,=,=,=,XI_SKILL_TRO_RETREAT,=,=,=,3000,=,WET_NOW,EXT_TROUPE,WUI_TARGETINGOBJ,=,=,=,=,=,=,=,=,KT_SKILL,0,0,0,0,0,0,=,=,=,=,=,=,=,=,0,=,CT_GENERAL,=,=,=,=,=,=,=,=,=,=,=,=,=,=,=,=,=,=,=,=,=,=,=,"""skill_TroRetreat.dds""","""단원들에게 후퇴하라고 알립니다. [포인트 소비 : 0]""","""""","""?員たちに後退するよう知らせます。[ポイント消費：0]""","""""",""""""
ST_SCOUT,"""스카우트""","""Scout""","""????""","""""","""""",1,1,JTYPE_TROUPE,=,=,TRO_MASTER,=,=,=,=,=,=,=,=,=,=,=,=,=,=,=,=,=,=,=,=,=,=,=,=,=,=,=,=,=,_NONE,0,=,=,=,=,=,=,=,=,=,=,=,=,=,=,=,=,=,=,=,=,=,=,=,=,=,=,=,=,=,=,=,=,=,=,=,=,=,=,12,12,=,=,=,=,=,=,=,=,=,=,WET_NOW,EXT_TROUPE,WUI_TARGETINGOBJ,=,=,=,=,=,=,=,=,KT_SKILL,0,0,0,0,0,0,=,=,=,=,=,=,=,=,3,=,CT_GENERAL,=,=,=,=,=,=,=,=,=,=,=,=,=,=,=,=,=,=,=,=,=,=,=,"""skill_TroScount.dds""","""순회극단에 새로운 단원을 초청할 수 있는 스킬입니다.  [포인트 소비 : 3]""","""""","""巡回劇?に新しい?員を招待することができるスキルです。[ポイント消費：3]""","""""",""""""
ST_SPHERECIRCLE,"""스피어서클""","""Sphere Circle""","""????????""","""""","""""",1,1,JTYPE_TROUPE,=,=,TRO_MASTER,=,=,=,=,=,=,=,=,=,=,=,=,=,=,=,=,=,=,=,=,=,=,=,=,=,=,=,=,=,_NONE,0,=,=,=,=,=,=,=,=,=,=,=,=,=,=,=,=,=,=,=,=,=,=,=,=,=,=,=,=,=,=,=,=,=,=,=,=,=,=,17,17,=,=,=,=,XI_SKILL_TRO_SPHERECIRCLE,=,=,=,40000,60000,WET_NOW,EXT_TROUPE,WUI_TARGETINGOBJ,=,=,=,=,=,=,=,=,KT_SKILL,0,0,0,0,0,0,=,=,=,=,=,=,=,=,1,=,CT_GENERAL,=,=,=,=,=,=,=,=,=,=,=,=,=,=,=,=,=,=,=,=,=,=,=,"""skill_TroSpherecircle.dds""","""단장이 타겟을 공격할 때 단원수에 맞추어 크리티컬 확률이 증가합니다. [포인트 소비 : 1]""","""""","""?長がタ?ゲットを攻?する時、?員?に?じてクリティカル確率が?加します。[ポイント消費：1]""","""""",""""""
ST_LINKATTACK,"""링크어택""","""LinkAttack""","""???????""","""""","""""",1,1,JTYPE_TROUPE,=,=,TRO_MASTER,=,=,=,=,=,=,=,=,=,=,=,=,=,=,=,=,=,=,=,=,=,=,=,=,=,=,=,=,=,_NONE,0,=,=,=,=,=,=,=,=,=,=,=,=,=,=,=,=,=,=,=,=,=,=,=,=,=,=,=,=,=,=,=,=,=,=,=,=,=,=,20,20,=,=,=,=,XI_SKILL_TRO_LINKATTACK,=,=,=,13000,20000,WET_NOW,EXT_ANOTHER,WUI_TARGETINGOBJ,=,=,=,=,=,=,=,=,KT_SKILL,0,0,0,0,0,0,=,=,=,=,=,=,=,=,1,=,CT_GENERAL,=,=,=,=,=,=,=,=,=,=,=,=,=,=,=,=,=,=,=,=,=,=,=,"""skill_TroLinkattack.dds""","""단장이 타겟을 공격할 때 단장과 타겟이 같은 단원수에 의해 데미지가 추가 됩니다. [포인트 소비 : 1]""","""""","""?長がタ?ゲットを攻?する時、?員?に?じて追加ダメ?ジが?加します。[ポイント消費： 1]""","""""",""""""
ST_FORTUNECIRCLE,"""포춘서클""","""Fortune Circle""","""??????????""","""""","""""",1,1,JTYPE_TROUPE,=,=,TRO_MASTER,=,=,=,=,=,=,=,=,=,=,=,=,=,=,=,=,=,=,=,=,=,=,=,=,=,=,=,=,=,_NONE,0,=,=,=,=,=,=,=,=,=,=,=,=,=,=,=,=,=,=,=,=,=,=,=,=,=,=,=,=,=,=,=,=,=,=,=,=,=,=,25,25,=,=,=,=,XI_SKILL_TRO_FORTUNECIRCLE,=,=,=,200000,300000,WET_NOW,EXT_TROUPE,WUI_TARGETINGOBJ,=,=,=,=,=,=,=,=,KT_SKILL,0,0,0,0,0,0,=,=,=,=,=,=,=,=,5,=,CT_GENERAL,=,=,=,=,=,=,=,=,=,=,=,=,=,=,=,=,=,=,=,=,=,=,=,"""skill_TroFortunecircle.dds""","""몬스터에게서 나오는 유니크 아이템의 발생확률이 증가합니다. [포인트 소비 : 5]""","""""","""モンスタ?から出るアイテムのドロップ率が?加します。[ポイント消費：5]""","""""",""""""
ST_STRETCHING,"""스트레칭""","""Stretching""","""????????""","""""","""""",1,1,JTYPE_TROUPE,=,=,TRO_MASTER,=,=,=,=,=,=,=,=,=,=,=,=,=,=,=,=,=,=,=,=,=,=,=,=,=,=,=,=,=,_NONE,0,=,=,=,=,=,=,=,=,=,=,=,=,=,=,=,=,=,=,=,=,=,=,=,=,=,=,=,=,=,=,=,=,=,=,=,=,=,=,30,30,=,=,=,=,XI_SKILL_TRO_STRETCHING01,XI_SKILL_TRO_STRETCHING02,=,=,80000,120000,WET_NOW,EXT_TROUPE,WUI_TARGETINGOBJ,=,=,=,=,=,=,=,=,KT_SKILL,0,0,0,0,0,0,=,=,=,=,=,=,=,=,2,=,CT_GENERAL,=,=,=,=,=,=,=,=,=,=,=,=,=,=,=,=,=,=,=,=,=,=,=,"""skill_TroStretching.dds""","""전투 중이 아닌 단장 주위의 단원들은 모두 앉아서 쉬게 됩니다. 회복속도 1.5배, 단장이 어시스트면 1.8배 [포인트 소비 : 2]""","""""","""??に?加していない?長の周りの?員たちは皆座って休むようになります。回復の量も1.5倍、?長がアシストなら1.8倍になります。[ポイント消費：2]""","""""",""""""
ST_GIFTBOX,"""기프트박스""","""GiftBox""","""?????????""","""""","""""",1,1,JTYPE_TROUPE,=,=,TRO_MASTER,=,=,=,=,=,=,=,=,=,=,=,=,=,=,=,=,=,=,=,=,=,=,=,=,=,=,=,=,=,_NONE,0,=,=,=,=,=,=,=,=,=,=,=,=,=,=,=,=,=,=,=,=,=,=,=,=,=,=,=,=,=,=,=,=,=,=,=,=,=,=,40,40,=,=,=,=,XI_SKILL_TRO_GIFTBOX,=,=,=,200000,300000,WET_NOW,EXT_TROUPE,WUI_TARGETINGOBJ,=,=,=,=,=,=,=,=,KT_SKILL,0,0,0,0,0,0,=,=,=,=,=,=,=,=,8,=,CT_GENERAL,=,=,=,=,=,=,=,=,=,=,=,=,=,=,=,=,=,=,=,=,=,=,=,"""skill_TroGiftbox.dds""","""몬스터에게서 떨어지는 아이템의 양이 두배가 된다. [포인트 소비 : 8]""","""""","""モンスタ?からドロップするアイテムの?が二倍になる。[ポイント消費：8]""","""""",""""""
,,,,,,,,,,,,,,,,,,,,,,,,,,,,,,,,,,,,,,,,,,,,,,,,,,,,,,,,,,,,,,,,,,,,,,,,,,,,,,,,,,,,,,,,,,,,,,,,,,,,,,,,,,,,,,,,,,,,,,,,,,,,,,,,,,,,,,,,,,,,,,,,,,,,,,
,,,,,,,,,,,,,,,,,,,,,,,,,,,,,,,,,,,,,,,,,,,,,,,,,,,,,,,,,,,,,,,,,,,,,,,,,,,,,,,,,,,,,,,,,,,,,,,,,,,,,,,,,,,,,,,,,,,,,,,,,,,,,,,,,,,,,,,,,,,,,,,,,,,,,,
,,,,,,,,,,,,,,,,,,,,,,,,,,,,,,,,,,,,,,,,,,,,,,,,,,,,,,,,,,,,,,,,,,,,,,,,,,,,,,,,,,,,,,,,,,,,,,,,,,,,,,,,,,,,,,,,,,,,,,,,,,,,,,,,,,,,,,,,,,,,,,,,,,,,,,
,,,,,,,,,,,,,,,,,,,,,,,,,,,,,,,,,,,,,,,,,,,,,,,,,,,,,,,,,,,,,,,,,,,,,,,,,,,,,,,,,,,,,,,,,,,,,,,,,,,,,,,,,,,,,,,,,,,,,,,,,,,,,,,,,,,,,,,,,,,,,,,,,,,,,,
,,,,,,,,,,,,,,,,,,,,,,,,,,,,,,,,,,,,,,,,,,,,,,,,,,,,,,,,,,,,,,,,,,,,,,,,,,,,,,,,,,,,,,,,,,,,,,,,,,,,,,,,,,,,,,,,,,,,,,,,,,,,,,,,,,,,,,,,,,,,,,,,,,,,,,
,,,,,,,,,,,,,,,,,,,,,,,,,,,,,,,,,,,,,,,,,,,,,,,,,,,,,,,,,,,,,,,,,,,,,,,,,,,,,,,,,,,,,,,,,,,,,,,,,,,,,,,,,,,,,,,,,,,,,,,,,,,,,,,,,,,,,,,,,,,,,,,,,,,,,,
,,,,,,,,,,,,,,,,,,,,,,,,,,,,,,,,,,,,,,,,,,,,,,,,,,,,,,,,,,,,,,,,,,,,,,,,,,,,,,,,,,,,,,,,,,,,,,,,,,,,,,,,,,,,,,,,,,,,,,,,,,,,,,,,,,,,,,,,,,,,,,,,,,,,,,
,,,,,,,,,,,,,,,,,,,,,,,,,,,,,,,,,,,,,,,,,,,,,,,,,,,,,,,,,,,,,,,,,,,,,,,,,,,,,,,,,,,,,,,,,,,,,,,,,,,,,,,,,,,,,,,,,,,,,,,,,,,,,,,,,,,,,,,,,,,,,,,,,,,,,,
,,,,,,,,,,,,,,,,,,,,,,,,,,,,,,,,,,,,,,,,,,,,,,,,,,,,,,,,,,,,,,,,,,,,,,,,,,,,,,,,,,,,,,,,,,,,,,,,,,,,,,,,,,,,,,,,,,,,,,,,,,,,,,,,,,,,,,,,,,,,,,,,,,,,,,
,,,,,,,,,,,,,,,,,,,,,,,,,,,,,,,,,,,,,,,,,,,,,,,,,,,,,,,,,,,,,,,,,,,,,,,,,,,,,,,,,,,,,,,,,,,,,,,,,,,,,,,,,,,,,,,,,,,,,,,,,,,,,,,,,,,,,,,,,,,,,,,,,,,,,,
,,,,,,,,,,,,,,,,,,,,,,,,,,,,,,,,,,,,,,,,,,,,,,,,,,,,,,,,,,,,,,,,,,,,,,,,,,,,,,,,,,,,,,,,,,,,,,,,,,,,,,,,,,,,,,,,,,,,,,,,,,,,,,,,,,,,,,,,,,,,,,,,,,,,,,
,,,,,,,,,,,,,,,,,,,,,,,,,,,,,,,,,,,,,,,,,,,,,,,,,,,,,,,,,,,,,,,,,,,,,,,,,,,,,,,,,,,,,,,,,,,,,,,,,,,,,,,,,,,,,,,,,,,,,,,,,,,,,,,,,,,,,,,,,,,,,,,,,,,,,,
,,,,,,,,,,,,,,,,,,,,,,,,,,,,,,,,,,,,,,,,,,,,,,,,,,,,,,,,,,,,,,,,,,,,,,,,,,,,,,,,,,,,,,,,,,,,,,,,,,,,,,,,,,,,,,,,,,,,,,,,,,,,,,,,,,,,,,,,,,,,,,,,,,,,,,
,,,,,,,,,,,,,,,,,,,,,,,,,,,,,,,,,,,,,,,,,,,,,,,,,,,,,,,,,,,,,,,,,,,,,,,,,,,,,,,,,,,,,,,,,,,,,,,,,,,,,,,,,,,,,,,,,,,,,,,,,,,,,,,,,,,,,,,,,,,,,,,,,,,,,,
,,,,,,,,,,,,,,,,,,,,,,,,,,,,,,,,,,,,,,,,,,,,,,,,,,,,,,,,,,,,,,,,,,,,,,,,,,,,,,,,,,,,,,,,,,,,,,,,,,,,,,,,,,,,,,,,,,,,,,,,,,,,,,,,,,,,,,,,,,,,,,,,,,,,,,
,,,,,,,,,,,,,,,,,,,,,,,,,,,,,,,,,,,,,,,,,,,,,,,,,,,,,,,,,,,,,,,,,,,,,,,,,,,,,,,,,,,,,,,,,,,,,,,,,,,,,,,,,,,,,,,,,,,,,,,,,,,,,,,,,,,,,,,,,,,,,,,,,,,,,,
,,,,,,,,,,,,,,,,,,,,,,,,,,,,,,,,,,,,,,,,,,,,,,,,,,,,,,,,,,,,,,,,,,,,,,,,,,,,,,,,,,,,,,,,,,,,,,,,,,,,,,,,,,,,,,,,,,,,,,,,,,,,,,,,,,,,,,,,,,,,,,,,,,,,,,
,,,,,,,,,,,,,,,,,,,,,,,,,,,,,,,,,,,,,,,,,,,,,,,,,,,,,,,,,,,,,,,,,,,,,,,,,,,,,,,,,,,,,,,,,,,,,,,,,,,,,,,,,,,,,,,,,,,,,,,,,,,,,,,,,,,,,,,,,,,,,,,,,,,,,,
,,,,,,,,,,,,,,,,,,,,,,,,,,,,,,,,,,,,,,,,,,,,,,,,,,,,,,,,,,,,,,,,,,,,,,,,,,,,,,,,,,,,,,,,,,,,,,,,,,,,,,,,,,,,,,,,,,,,,,,,,,,,,,,,,,,,,,,,,,,,,,,,,,,,,,
,,,,,,,,,,,,,,,,,,,,,,,,,,,,,,,,,,,,,,,,,,,,,,,,,,,,,,,,,,,,,,,,,,,,,,,,,,,,,,,,,,,,,,,,,,,,,,,,,,,,,,,,,,,,,,,,,,,,,,,,,,,,,,,,,,,,,,,,,,,,,,,,,,,,,,
,,,,,,,,,,,,,,,,,,,,,,,,,,,,,,,,,,,,,,,,,,,,,,,,,,,,,,,,,,,,,,,,,,,,,,,,,,,,,,,,,,,,,,,,,,,,,,,,,,,,,,,,,,,,,,,,,,,,,,,,,,,,,,,,,,,,,,,,,,,,,,,,,,,,,,
,,,,,,,,,,,,,,,,,,,,,,,,,,,,,,,,,,,,,,,,,,,,,,,,,,,,,,,,,,,,,,,,,,,,,,,,,,,,,,,,,,,,,,,,,,,,,,,,,,,,,,,,,,,,,,,,,,,,,,,,,,,,,,,,,,,,,,,,,,,,,,,,,,,,,,
,,,,,,,,,,,,,,,,,,,,,,,,,,,,,,,,,,,,,,,,,,,,,,,,,,,,,,,,,,,,,,,,,,,,,,,,,,,,,,,,,,,,,,,,,,,,,,,,,,,,,,,,,,,,,,,,,,,,,,,,,,,,,,,,,,,,,,,,,,,,,,,,,,,,,,
,,,,,,,,,,,,,,,,,,,,,,,,,,,,,,,,,,,,,,,,,,,,,,,,,,,,,,,,,,,,,,,,,,,,,,,,,,,,,,,,,,,,,,,,,,,,,,,,,,,,,,,,,,,,,,,,,,,,,,,,,,,,,,,,,,,,,,,,,,,,,,,,,,,,,,
,,,,,,,,,,,,,,,,,,,,,,,,,,,,,,,,,,,,,,,,,,,,,,,,,,,,,,,,,,,,,,,,,,,,,,,,,,,,,,,,,,,,,,,,,,,,,,,,,,,,,,,,,,,,,,,,,,,,,,,,,,,,,,,,,,,,,,,,,,,,,,,,,,,,,,
,,,,,,,,,,,,,,,,,,,,,,,,,,,,,,,,,,,,,,,,,,,,,,,,,,,,,,,,,,,,,,,,,,,,,,,,,,,,,,,,,,,,,,,,,,,,,,,,,,,,,,,,,,,,,,,,,,,,,,,,,,,,,,,,,,,,,,,,,,,,,,,,,,,,,,
,,,,,,,,,,,,,,,,,,,,,,,,,,,,,,,,,,,,,,,,,,,,,,,,,,,,,,,,,,,,,,,,,,,,,,,,,,,,,,,,,,,,,,,,,,,,,,,,,,,,,,,,,,,,,,,,,,,,,,,,,,,,,,,,,,,,,,,,,,,,,,,,,,,,,,
,,,,,,,,,,,,,,,,,,,,,,,,,,,,,,,,,,,,,,,,,,,,,,,,,,,,,,,,,,,,,,,,,,,,,,,,,,,,,,,,,,,,,,,,,,,,,,,,,,,,,,,,,,,,,,,,,,,,,,,,,,,,,,,,,,,,,,,,,,,,,,,,,,,,,,
,,,,,,,,,,,,,,,,,,,,,,,,,,,,,,,,,,,,,,,,,,,,,,,,,,,,,,,,,,,,,,,,,,,,,,,,,,,,,,,,,,,,,,,,,,,,,,,,,,,,,,,,,,,,,,,,,,,,,,,,,,,,,,,,,,,,,,,,,,,,,,,,,,,,,,
,,,,,,,,,,,,,,,,,,,,,,,,,,,,,,,,,,,,,,,,,,,,,,,,,,,,,,,,,,,,,,,,,,,,,,,,,,,,,,,,,,,,,,,,,,,,,,,,,,,,,,,,,,,,,,,,,,,,,,,,,,,,,,,,,,,,,,,,,,,,,,,,,,,,,,
,,,,,,,,,,,,,,,,,,,,,,,,,,,,,,,,,,,,,,,,,,,,,,,,,,,,,,,,,,,,,,,,,,,,,,,,,,,,,,,,,,,,,,,,,,,,,,,,,,,,,,,,,,,,,,,,,,,,,,,,,,,,,,,,,,,,,,,,,,,,,,,,,,,,,,
,,,,,,,,,,,,,,,,,,,,,,,,,,,,,,,,,,,,,,,,,,,,,,,,,,,,,,,,,,,,,,,,,,,,,,,,,,,,,,,,,,,,,,,,,,,,,,,,,,,,,,,,,,,,,,,,,,,,,,,,,,,,,,,,,,,,,,,,,,,,,,,,,,,,,,
,,,,,,,,,,,,,,,,,,,,,,,,,,,,,,,,,,,,,,,,,,,,,,,,,,,,,,,,,,,,,,,,,,,,,,,,,,,,,,,,,,,,,,,,,,,,,,,,,,,,,,,,,,,,,,,,,,,,,,,,,,,,,,,,,,,,,,,,,,,,,,,,,,,,,,
,,,,,,,,,,,,,,,,,,,,,,,,,,,,,,,,,,,,,,,,,,,,,,,,,,,,,,,,,,,,,,,,,,,,,,,,,,,,,,,,,,,,,,,,,,,,,,,,,,,,,,,,,,,,,,,,,,,,,,,,,,,,,,,,,,,,,,,,,,,,,,,,,,,,,,
,,,,,,,,,,,,,,,,,,,,,,,,,,,,,,,,,,,,,,,,,,,,,,,,,,,,,,,,,,,,,,,,,,,,,,,,,,,,,,,,,,,,,,,,,,,,,,,,,,,,,,,,,,,,,,,,,,,,,,,,,,,,,,,,,,,,,,,,,,,,,,,,,,,,,,
,,,,,,,,,,,,,,,,,,,,,,,,,,,,,,,,,,,,,,,,,,,,,,,,,,,,,,,,,,,,,,,,,,,,,,,,,,,,,,,,,,,,,,,,,,,,,,,,,,,,,,,,,,,,,,,,,,,,,,,,,,,,,,,,,,,,,,,,,,,,,,,,,,,,,,
,,,,,,,,,,,,,,,,,,,,,,,,,,,,,,,,,,,,,,,,,,,,,,,,,,,,,,,,,,,,,,,,,,,,,,,,,,,,,,,,,,,,,,,,,,,,,,,,,,,,,,,,,,,,,,,,,,,,,,,,,,,,,,,,,,,,,,,,,,,,,,,,,,,,,,
,,,,,,,,,,,,,,,,,,,,,,,,,,,,,,,,,,,,,,,,,,,,,,,,,,,,,,,,,,,,,,,,,,,,,,,,,,,,,,,,,,,,,,,,,,,,,,,,,,,,,,,,,,,,,,,,,,,,,,,,,,,,,,,,,,,,,,,,,,,,,,,,,,,,,,
,,,,,,,,,,,,,,,,,,,,,,,,,,,,,,,,,,,,,,,,,,,,,,,,,,,,,,,,,,,,,,,,,,,,,,,,,,,,,,,,,,,,,,,,,,,,,,,,,,,,,,,,,,,,,,,,,,,,,,,,,,,,,,,,,,,,,,,,,,,,,,,,,,,,,,
,,,,,,,,,,,,,,,,,,,,,,,,,,,,,,,,,,,,,,,,,,,,,,,,,,,,,,,,,,,,,,,,,,,,,,,,,,,,,,,,,,,,,,,,,,,,,,,,,,,,,,,,,,,,,,,,,,,,,,,,,,,,,,,,,,,,,,,,,,,,,,,,,,,,,,
,,,,,,,,,,,,,,,,,,,,,,,,,,,,,,,,,,,,,,,,,,,,,,,,,,,,,,,,,,,,,,,,,,,,,,,,,,,,,,,,,,,,,,,,,,,,,,,,,,,,,,,,,,,,,,,,,,,,,,,,,,,,,,,,,,,,,,,,,,,,,,,,,,,,,,
,,,,,,,,,,,,,,,,,,,,,,,,,,,,,,,,,,,,,,,,,,,,,,,,,,,,,,,,,,,,,,,,,,,,,,,,,,,,,,,,,,,,,,,,,,,,,,,,,,,,,,,,,,,,,,,,,,,,,,,,,,,,,,,,,,,,,,,,,,,,,,,,,,,,,,
,,,,,,,,,,,,,,,,,,,,,,,,,,,,,,,,,,,,,,,,,,,,,,,,,,,,,,,,,,,,,,,,,,,,,,,,,,,,,,,,,,,,,,,,,,,,,,,,,,,,,,,,,,,,,,,,,,,,,,,,,,,,,,,,,,,,,,,,,,,,,,,,,,,,,,
,,,,,,,,,,,,,,,,,,,,,,,,,,,,,,,,,,,,,,,,,,,,,,,,,,,,,,,,,,,,,,,,,,,,,,,,,,,,,,,,,,,,,,,,,,,,,,,,,,,,,,,,,,,,,,,,,,,,,,,,,,,,,,,,,,,,,,,,,,,,,,,,,,,,,,
,,,,,,,,,,,,,,,,,,,,,,,,,,,,,,,,,,,,,,,,,,,,,,,,,,,,,,,,,,,,,,,,,,,,,,,,,,,,,,,,,,,,,,,,,,,,,,,,,,,,,,,,,,,,,,,,,,,,,,,,,,,,,,,,,,,,,,,,,,,,,,,,,,,,,,
,,,,,,,,,,,,,,,,,,,,,,,,,,,,,,,,,,,,,,,,,,,,,,,,,,,,,,,,,,,,,,,,,,,,,,,,,,,,,,,,,,,,,,,,,,,,,,,,,,,,,,,,,,,,,,,,,,,,,,,,,,,,,,,,,,,,,,,,,,,,,,,,,,,,,,
,,,,,,,,,,,,,,,,,,,,,,,,,,,,,,,,,,,,,,,,,,,,,,,,,,,,,,,,,,,,,,,,,,,,,,,,,,,,,,,,,,,,,,,,,,,,,,,,,,,,,,,,,,,,,,,,,,,,,,,,,,,,,,,,,,,,,,,,,,,,,,,,,,,,,,
,,,,,,,,,,,,,,,,,,,,,,,,,,,,,,,,,,,,,,,,,,,,,,,,,,,,,,,,,,,,,,,,,,,,,,,,,,,,,,,,,,,,,,,,,,,,,,,,,,,,,,,,,,,,,,,,,,,,,,,,,,,,,,,,,,,,,,,,,,,,,,,,,,,,,,
,,,,,,,,,,,,,,,,,,,,,,,,,,,,,,,,,,,,,,,,,,,,,,,,,,,,,,,,,,,,,,,,,,,,,,,,,,,,,,,,,,,,,,,,,,,,,,,,,,,,,,,,,,,,,,,,,,,,,,,,,,,,,,,,,,,,,,,,,,,,,,,,,,,,,,
,,,,,,,,,,,,,,,,,,,,,,,,,,,,,,,,,,,,,,,,,,,,,,,,,,,,,,,,,,,,,,,,,,,,,,,,,,,,,,,,,,,,,,,,,,,,,,,,,,,,,,,,,,,,,,,,,,,,,,,,,,,,,,,,,,,,,,,,,,,,,,,,,,,,,,
,,,,,,,,,,,,,,,,,,,,,,,,,,,,,,,,,,,,,,,,,,,,,,,,,,,,,,,,,,,,,,,,,,,,,,,,,,,,,,,,,,,,,,,,,,,,,,,,,,,,,,,,,,,,,,,,,,,,,,,,,,,,,,,,,,,,,,,,,,,,,,,,,,,,,,
,,,,,,,,,,,,,,,,,,,,,,,,,,,,,,,,,,,,,,,,,,,,,,,,,,,,,,,,,,,,,,,,,,,,,,,,,,,,,,,,,,,,,,,,,,,,,,,,,,,,,,,,,,,,,,,,,,,,,,,,,,,,,,,,,,,,,,,,,,,,,,,,,,,,,,
,,,,,,,,,,,,,,,,,,,,,,,,,,,,,,,,,,,,,,,,,,,,,,,,,,,,,,,,,,,,,,,,,,,,,,,,,,,,,,,,,,,,,,,,,,,,,,,,,,,,,,,,,,,,,,,,,,,,,,,,,,,,,,,,,,,,,,,,,,,,,,,,,,,,,,
,,,,,,,,,,,,,,,,,,,,,,,,,,,,,,,,,,,,,,,,,,,,,,,,,,,,,,,,,,,,,,,,,,,,,,,,,,,,,,,,,,,,,,,,,,,,,,,,,,,,,,,,,,,,,,,,,,,,,,,,,,,,,,,,,,,,,,,,,,,,,,,,,,,,,,
,,,,,,,,,,,,,,,,,,,,,,,,,,,,,,,,,,,,,,,,,,,,,,,,,,,,,,,,,,,,,,,,,,,,,,,,,,,,,,,,,,,,,,,,,,,,,,,,,,,,,,,,,,,,,,,,,,,,,,,,,,,,,,,,,,,,,,,,,,,,,,,,,,,,,,
,,,,,,,,,,,,,,,,,,,,,,,,,,,,,,,,,,,,,,,,,,,,,,,,,,,,,,,,,,,,,,,,,,,,,,,,,,,,,,,,,,,,,,,,,,,,,,,,,,,,,,,,,,,,,,,,,,,,,,,,,,,,,,,,,,,,,,,,,,,,,,,,,,,,,,
,,,,,,,,,,,,,,,,,,,,,,,,,,,,,,,,,,,,,,,,,,,,,,,,,,,,,,,,,,,,,,,,,,,,,,,,,,,,,,,,,,,,,,,,,,,,,,,,,,,,,,,,,,,,,,,,,,,,,,,,,,,,,,,,,,,,,,,,,,,,,,,,,,,,,,
,,,,,,,,,,,,,,,,,,,,,,,,,,,,,,,,,,,,,,,,,,,,,,,,,,,,,,,,,,,,,,,,,,,,,,,,,,,,,,,,,,,,,,,,,,,,,,,,,,,,,,,,,,,,,,,,,,,,,,,,,,,,,,,,,,,,,,,,,,,,,,,,,,,,,,
,,,,,,,,,,,,,,,,,,,,,,,,,,,,,,,,,,,,,,,,,,,,,,,,,,,,,,,,,,,,,,,,,,,,,,,,,,,,,,,,,,,,,,,,,,,,,,,,,,,,,,,,,,,,,,,,,,,,,,,,,,,,,,,,,,,,,,,,,,,,,,,,,,,,,,
,,,,,,,,,,,,,,,,,,,,,,,,,,,,,,,,,,,,,,,,,,,,,,,,,,,,,,,,,,,,,,,,,,,,,,,,,,,,,,,,,,,,,,,,,,,,,,,,,,,,,,,,,,,,,,,,,,,,,,,,,,,,,,,,,,,,,,,,,,,,,,,,,,,,,,
,,,,,,,,,,,,,,,,,,,,,,,,,,,,,,,,,,,,,,,,,,,,,,,,,,,,,,,,,,,,,,,,,,,,,,,,,,,,,,,,,,,,,,,,,,,,,,,,,,,,,,,,,,,,,,,,,,,,,,,,,,,,,,,,,,,,,,,,,,,,,,,,,,,,,,
,,,,,,,,,,,,,,,,,,,,,,,,,,,,,,,,,,,,,,,,,,,,,,,,,,,,,,,,,,,,,,,,,,,,,,,,,,,,,,,,,,,,,,,,,,,,,,,,,,,,,,,,,,,,,,,,,,,,,,,,,,,,,,,,,,,,,,,,,,,,,,,,,,,,,,
,,,,,,,,,,,,,,,,,,,,,,,,,,,,,,,,,,,,,,,,,,,,,,,,,,,,,,,,,,,,,,,,,,,,,,,,,,,,,,,,,,,,,,,,,,,,,,,,,,,,,,,,,,,,,,,,,,,,,,,,,,,,,,,,,,,,,,,,,,,,,,,,,,,,,,
,,,,,,,,,,,,,,,,,,,,,,,,,,,,,,,,,,,,,,,,,,,,,,,,,,,,,,,,,,,,,,,,,,,,,,,,,,,,,,,,,,,,,,,,,,,,,,,,,,,,,,,,,,,,,,,,,,,,,,,,,,,,,,,,,,,,,,,,,,,,,,,,,,,,,,
,,,,,,,,,,,,,,,,,,,,,,,,,,,,,,,,,,,,,,,,,,,,,,,,,,,,,,,,,,,,,,,,,,,,,,,,,,,,,,,,,,,,,,,,,,,,,,,,,,,,,,,,,,,,,,,,,,,,,,,,,,,,,,,,,,,,,,,,,,,,,,,,,,,,,,
,,,,,,,,,,,,,,,,,,,,,,,,,,,,,,,,,,,,,,,,,,,,,,,,,,,,,,,,,,,,,,,,,,,,,,,,,,,,,,,,,,,,,,,,,,,,,,,,,,,,,,,,,,,,,,,,,,,,,,,,,,,,,,,,,,,,,,,,,,,,,,,,,,,,,,
,,,,,,,,,,,,,,,,,,,,,,,,,,,,,,,,,,,,,,,,,,,,,,,,,,,,,,,,,,,,,,,,,,,,,,,,,,,,,,,,,,,,,,,,,,,,,,,,,,,,,,,,,,,,,,,,,,,,,,,,,,,,,,,,,,,,,,,,,,,,,,,,,,,,,,
,,,,,,,,,,,,,,,,,,,,,,,,,,,,,,,,,,,,,,,,,,,,,,,,,,,,,,,,,,,,,,,,,,,,,,,,,,,,,,,,,,,,,,,,,,,,,,,,,,,,,,,,,,,,,,,,,,,,,,,,,,,,,,,,,,,,,,,,,,,,,,,,,,,,,,
,,,,,,,,,,,,,,,,,,,,,,,,,,,,,,,,,,,,,,,,,,,,,,,,,,,,,,,,,,,,,,,,,,,,,,,,,,,,,,,,,,,,,,,,,,,,,,,,,,,,,,,,,,,,,,,,,,,,,,,,,,,,,,,,,,,,,,,,,,,,,,,,,,,,,,
,,,,,,,,,,,,,,,,,,,,,,,,,,,,,,,,,,,,,,,,,,,,,,,,,,,,,,,,,,,,,,,,,,,,,,,,,,,,,,,,,,,,,,,,,,,,,,,,,,,,,,,,,,,,,,,,,,,,,,,,,,,,,,,,,,,,,,,,,,,,,,,,,,,,,,
,,,,,,,,,,,,,,,,,,,,,,,,,,,,,,,,,,,,,,,,,,,,,,,,,,,,,,,,,,,,,,,,,,,,,,,,,,,,,,,,,,,,,,,,,,,,,,,,,,,,,,,,,,,,,,,,,,,,,,,,,,,,,,,,,,,,,,,,,,,,,,,,,,,,,,
,,,,,,,,,,,,,,,,,,,,,,,,,,,,,,,,,,,,,,,,,,,,,,,,,,,,,,,,,,,,,,,,,,,,,,,,,,,,,,,,,,,,,,,,,,,,,,,,,,,,,,,,,,,,,,,,,,,,,,,,,,,,,,,,,,,,,,,,,,,,,,,,,,,,,,
,,,,,,,,,,,,,,,,,,,,,,,,,,,,,,,,,,,,,,,,,,,,,,,,,,,,,,,,,,,,,,,,,,,,,,,,,,,,,,,,,,,,,,,,,,,,,,,,,,,,,,,,,,,,,,,,,,,,,,,,,,,,,,,,,,,,,,,,,,,,,,,,,,,,,,
,,,,,,,,,,,,,,,,,,,,,,,,,,,,,,,,,,,,,,,,,,,,,,,,,,,,,,,,,,,,,,,,,,,,,,,,,,,,,,,,,,,,,,,,,,,,,,,,,,,,,,,,,,,,,,,,,,,,,,,,,,,,,,,,,,,,,,,,,,,,,,,,,,,,,,
,,,,,,,,,,,,,,,,,,,,,,,,,,,,,,,,,,,,,,,,,,,,,,,,,,,,,,,,,,,,,,,,,,,,,,,,,,,,,,,,,,,,,,,,,,,,,,,,,,,,,,,,,,,,,,,,,,,,,,,,,,,,,,,,,,,,,,,,,,,,,,,,,,,,,,
,,,,,,,,,,,,,,,,,,,,,,,,,,,,,,,,,,,,,,,,,,,,,,,,,,,,,,,,,,,,,,,,,,,,,,,,,,,,,,,,,,,,,,,,,,,,,,,,,,,,,,,,,,,,,,,,,,,,,,,,,,,,,,,,,,,,,,,,,,,,,,,,,,,,,,
,,,,,,,,,,,,,,,,,,,,,,,,,,,,,,,,,,,,,,,,,,,,,,,,,,,,,,,,,,,,,,,,,,,,,,,,,,,,,,,,,,,,,,,,,,,,,,,,,,,,,,,,,,,,,,,,,,,,,,,,,,,,,,,,,,,,,,,,,,,,,,,,,,,,,,
,,,,,,,,,,,,,,,,,,,,,,,,,,,,,,,,,,,,,,,,,,,,,,,,,,,,,,,,,,,,,,,,,,,,,,,,,,,,,,,,,,,,,,,,,,,,,,,,,,,,,,,,,,,,,,,,,,,,,,,,,,,,,,,,,,,,,,,,,,,,,,,,,,,,,,
,,,,,,,,,,,,,,,,,,,,,,,,,,,,,,,,,,,,,,,,,,,,,,,,,,,,,,,,,,,,,,,,,,,,,,,,,,,,,,,,,,,,,,,,,,,,,,,,,,,,,,,,,,,,,,,,,,,,,,,,,,,,,,,,,,,,,,,,,,,,,,,,,,,,,,
,,,,,,,,,,,,,,,,,,,,,,,,,,,,,,,,,,,,,,,,,,,,,,,,,,,,,,,,,,,,,,,,,,,,,,,,,,,,,,,,,,,,,,,,,,,,,,,,,,,,,,,,,,,,,,,,,,,,,,,,,,,,,,,,,,,,,,,,,,,,,,,,,,,,,,
,,,,,,,,,,,,,,,,,,,,,,,,,,,,,,,,,,,,,,,,,,,,,,,,,,,,,,,,,,,,,,,,,,,,,,,,,,,,,,,,,,,,,,,,,,,,,,,,,,,,,,,,,,,,,,,,,,,,,,,,,,,,,,,,,,,,,,,,,,,,,,,,,,,,,,
,,,,,,,,,,,,,,,,,,,,,,,,,,,,,,,,,,,,,,,,,,,,,,,,,,,,,,,,,,,,,,,,,,,,,,,,,,,,,,,,,,,,,,,,,,,,,,,,,,,,,,,,,,,,,,,,,,,,,,,,,,,,,,,,,,,,,,,,,,,,,,,,,,,,,,
,,,,,,,,,,,,,,,,,,,,,,,,,,,,,,,,,,,,,,,,,,,,,,,,,,,,,,,,,,,,,,,,,,,,,,,,,,,,,,,,,,,,,,,,,,,,,,,,,,,,,,,,,,,,,,,,,,,,,,,,,,,,,,,,,,,,,,,,,,,,,,,,,,,,,,
,,,,,,,,,,,,,,,,,,,,,,,,,,,,,,,,,,,,,,,,,,,,,,,,,,,,,,,,,,,,,,,,,,,,,,,,,,,,,,,,,,,,,,,,,,,,,,,,,,,,,,,,,,,,,,,,,,,,,,,,,,,,,,,,,,,,,,,,,,,,,,,,,,,,,,




,,,,,,,,,,,,,,,,,,,,,,,,,,,,,,,,,,,,,,,,,,,,,,,,,,,,,,,,,,,,,,,,,,,,,,,,,,,,,,,,,,,,,,,,,
,,,,,,,,,,,,,,,,,,,,,,,,,,,,,,,,,,,,,,,,,,,,,,,,,,,,,,,,,,,,,,,,,,,,,,,,,,,,,,,,,,,,,,,,,
,,,,,,,,,,,,,,,,,,,,,,,,,,,,,,,,,,,,,,,,,,,,,,,,,,,,,,,,,,,,,,,,,,,,,,,,,,,,,,,,,,,,,,,,,
